{
  "encoder_name": "sentence-transformers/all-MiniLM-L6-v2",
  "encoder_hash": "e9e2c8815f70dad48afc257ffd2bcf61b63bac429fad1ba1eaefa245bb562a13",
  "timestamp": 1755976066.3633795,
  "features": {
    "coverage_score": 0.0014193759998306632,
    "consistency_score": 0.9001783728599548,
    "embedding_dim": 384,
    "corpus_size": 10,
    "embedding_stats": {
      "mean_norm": 1.0,
      "std_norm": 1.8848643534852272e-08
    }
  },
  "faiss_version": "1.12.0"
}