{
  "seed_1": {
    "metrics": {
      "EM": 0.7599342830602247,
      "F1": 0.8172347139765762,
      "BLEU": 0.6994306561430208,
      "chrF": 0.7404605971281605
    },
    "performance": {
      "p50_latency_ms": 190.82923312638331,
      "vram_usage_gb": 4.108293152152541
    },
    "cache_metrics": {
      "kv_hit_rate": 0.8557921281550739,
      "routing_flips_per_chunk": 0.12534869458305817,
      "gate_entropy": 0.910610512281301
    }
  },
  "seed_2": {
    "metrics": {
      "EM": 0.7608512008717193,
      "F1": 0.8107316461437507,
      "BLEU": 0.6660281073928923,
      "chrF": 0.7148392454313206
    },
    "performance": {
      "p50_latency_ms": 182.43359877671102,
      "vram_usage_gb": 4.033754108374349
    },
    "cache_metrics": {
      "kv_hit_rate": 0.8343771247075903,
      "routing_flips_per_chunk": 0.08974337759331152,
      "gate_entropy": 0.9262849466519055
    }
  },
  "seed_3": {
    "metrics": {
      "EM": 0.7318395184895757,
      "F1": 0.7917539259732941,
      "BLEU": 0.7239694630676466,
      "chrF": 0.7054844739902693
    },
    "performance": {
      "p50_latency_ms": 192.33764102343963,
      "vram_usage_gb": 4.048762590689328
    },
    "cache_metrics": {
      "kv_hit_rate": 0.8345561727547481,
      "routing_flips_per_chunk": 0.11221845179419732,
      "gate_entropy": 0.896980128451554
    }
  },
  "seed_4": {
    "metrics": {
      "EM": 0.7575139603669134,
      "F1": 0.8079872262016239,
      "BLEU": 0.6712491875062018,
      "chrF": 0.697965867755412
    },
    "performance": {
      "p50_latency_ms": 201.26139092254468,
      "vram_usage_gb": 4.119325138763103
    },
    "cache_metrics": {
      "kv_hit_rate": 0.829422890710441,
      "routing_flips_per_chunk": 0.1264508982420638,
      "gate_entropy": 0.8955831270005796
    }
  },
  "seed_5": {
    "metrics": {
      "EM": 0.7541772719000951,
      "F1": 0.7808065975224044,
      "BLEU": 0.6401544185330471,
      "chrF": 0.7139372247173824
    },
    "performance": {
      "p50_latency_ms": 195.69233289997706,
      "vram_usage_gb": 4.128568414059498
    },
    "cache_metrics": {
      "kv_hit_rate": 0.8388435171761176,
      "routing_flips_per_chunk": 0.10397792608821423,
      "gate_entropy": 0.8904295601926515
    }
  }
}