{
  "seed_1": {
    "metrics": {
      "EM": 0.6856031158321058,
      "F1": 0.7707872245808043,
      "BLEU": 0.6517136667865675,
      "chrF": 0.6668723657913692
    },
    "performance": {
      "p50_latency_ms": 172.94783937854908,
      "vram_usage_gb": 4.012963358775792
    },
    "cache_metrics": null
  },
  "seed_2": {
    "metrics": {
      "EM": 0.6922983543916736,
      "F1": 0.7664615599938809,
      "BLEU": 0.638350288665226,
      "chrF": 0.680619990449919
    },
    "performance": {
      "p50_latency_ms": 183.72512047646478,
      "vram_usage_gb": 3.9664312990710946
    },
    "cache_metrics": null
  },
  "seed_3": {
    "metrics": {
      "EM": 0.6938157524829757,
      "F1": 0.7866252686280713,
      "BLEU": 0.6492663538136708,
      "chrF": 0.6504165152430942
    },
    "performance": {
      "p50_latency_ms": 179.25736409334473,
      "vram_usage_gb": 3.955746601039759
    },
    "cache_metrics": null
  },
  "seed_4": {
    "metrics": {
      "EM": 0.6760758675183866,
      "F1": 0.796250516447884,
      "BLEU": 0.6606872008571247,
      "chrF": 0.6585597975683933
    },
    "performance": {
      "p50_latency_ms": 184.0141315915681,
      "vram_usage_gb": 4.014465441001906
    },
    "cache_metrics": null
  },
  "seed_5": {
    "metrics": {
      "EM": 0.6870976049078975,
      "F1": 0.7872279121101683,
      "BLEU": 0.666141096993979,
      "chrF": 0.659283479217801
    },
    "performance": {
      "p50_latency_ms": 186.25857462325604,
      "vram_usage_gb": 3.8952101958364103
    },
    "cache_metrics": null
  }
}