Method,Mean_Performance,Performance_Std,Worst_Case_Drop,Robustness_Score
Baseline,0.43825000000000003,0.009038113741262618,-5.1339285714285765,0.9793768083485166
Static LoRA,0.3925,0.008558621384311854,-5.4455445544554495,0.9781945951992055
BEM P3,0.43574999999999997,0.009984362773857938,-5.8426966292134885,0.9770869471626897
